URL,Classification,Present_on_Internet
https://github.com/z8djtq,legitimate,Not Present on the Internet
https://github.com/h7js5oaz,legitimate,Not Present on the Internet
https://github.com/wvb8tdt,legitimate,Not Present on the Internet
https://github.com/ktbrhrstghv,legitimate,Not Present on the Internet
https://github.com/683bnk,legitimate,Not Present on the Internet
https://github.com/cpfjml,legitimate,Not Present on the Internet
https://github.com/n24vhdm1uud,legitimate,Not Present on the Internet
https://github.com/1mfuh,legitimate,Not Present on the Internet
https://github.com/zcklpv,legitimate,Not Present on the Internet
https://github.com/cwdlval8972p,legitimate,Not Present on the Internet
https://github.com/4rwre,legitimate,Not Present on the Internet
https://github.com/gctsghde,legitimate,Not Present on the Internet
https://github.com/z9mjfbmb5sth,legitimate,Not Present on the Internet
https://github.com/cv46sj2i,legitimate,Not Present on the Internet
https://github.com/hbzrdeebtb1,legitimate,Not Present on the Internet
https://github.com/el67e,legitimate,Not Present on the Internet
https://github.com/ddfm9h0,legitimate,Not Present on the Internet
https://github.com/8cs5jzap,legitimate,Not Present on the Internet
https://github.com/p53g7qz0box,legitimate,Not Present on the Internet
https://github.com/tqsobfzew,legitimate,Not Present on the Internet
https://github.com/e1j89bkaxs0w,legitimate,Not Present on the Internet
https://github.com/abnz1m,legitimate,Not Present on the Internet
https://github.com/o39k1524hi8s,legitimate,Not Present on the Internet
https://github.com/8t36c,legitimate,Not Present on the Internet
https://github.com/h3t54nu1fwt,legitimate,Not Present on the Internet
https://github.com/hndk3w91,legitimate,Not Present on the Internet
https://github.com/n303j36,legitimate,Not Present on the Internet
https://github.com/3twqw,legitimate,Not Present on the Internet
https://github.com/292vyzq29o3a,legitimate,Not Present on the Internet
https://github.com/ppgoq6t29q3h,legitimate,Not Present on the Internet
https://github.com/eh0yycugvwt,legitimate,Not Present on the Internet
https://github.com/pnaoei3b532,legitimate,Not Present on the Internet
https://github.com/dc1o3qgfjtbc,legitimate,Not Present on the Internet
https://github.com/2ddyw,legitimate,Not Present on the Internet
https://github.com/ozapsc6br4ng,legitimate,Not Present on the Internet
https://github.com/b6y60d,legitimate,Not Present on the Internet
https://github.com/l8ucty8c,legitimate,Not Present on the Internet
https://github.com/i2h2qgdl,legitimate,Not Present on the Internet
https://github.com/j5sygnuon,legitimate,Not Present on the Internet
https://github.com/p8ktb7zzjlly,legitimate,Not Present on the Internet
https://github.com/5lh4xozscc2w,legitimate,Not Present on the Internet
https://github.com/xly12dojq,legitimate,Not Present on the Internet
https://github.com/rzalnl3bp,legitimate,Not Present on the Internet
https://github.com/xcyvsovr,legitimate,Not Present on the Internet
https://github.com/3130lvxhbpxz,legitimate,Not Present on the Internet
https://github.com/k1rfaglaepwe,legitimate,Not Present on the Internet
https://github.com/imrzova5i,legitimate,Not Present on the Internet
https://github.com/5w0l6ce,legitimate,Not Present on the Internet
https://github.com/cm2rbjnbwt,legitimate,Not Present on the Internet
https://github.com/qyh79pcop6,legitimate,Not Present on the Internet
https://github.com/q138zns,legitimate,Not Present on the Internet
https://github.com/7ry2l,legitimate,Not Present on the Internet
https://github.com/k8dl1xy,legitimate,Not Present on the Internet
https://github.com/fi9zoarcc,legitimate,Not Present on the Internet
https://github.com/ebm80d6w8os,legitimate,Not Present on the Internet
https://github.com/tt2i5,legitimate,Not Present on the Internet
https://github.com/hlrzhue,legitimate,Not Present on the Internet
https://github.com/d8tisuy3g6z,legitimate,Not Present on the Internet
https://github.com/2roxpwglcoch,legitimate,Not Present on the Internet
https://github.com/12nzuz,legitimate,Not Present on the Internet
https://github.com/dz49a6y,legitimate,Not Present on the Internet
https://github.com/tapu8,legitimate,Not Present on the Internet
https://github.com/09ip0mt5iq94,legitimate,Not Present on the Internet
https://github.com/r9hc2e9b1cb9,legitimate,Not Present on the Internet
https://github.com/qv565x,legitimate,Not Present on the Internet
https://github.com/al5gzubus60,legitimate,Not Present on the Internet
https://github.com/35z9bf,legitimate,Not Present on the Internet
https://github.com/llkb1nnv,legitimate,Not Present on the Internet
https://github.com/9lgywt,legitimate,Not Present on the Internet
https://github.com/xnmqdrr,legitimate,Not Present on the Internet
https://github.com/3snv5cj,legitimate,Not Present on the Internet
https://github.com/w014vp,legitimate,Not Present on the Internet
https://github.com/8g2mgr9,legitimate,Not Present on the Internet
https://github.com/f7jgdz09uzc,legitimate,Not Present on the Internet
https://github.com/0l914c,legitimate,Not Present on the Internet
https://github.com/fajktnj,legitimate,Not Present on the Internet
https://github.com/iw3001tsmui6,legitimate,Not Present on the Internet
https://github.com/omlknfpfsgy,legitimate,Not Present on the Internet
https://github.com/v52v871dh46x,legitimate,Not Present on the Internet
https://github.com/j8ymv,legitimate,Not Present on the Internet
https://github.com/nsb5t3u99nj,legitimate,Not Present on the Internet
https://github.com/7ghbn55vtxi,legitimate,Not Present on the Internet
https://github.com/s6xyk5,legitimate,Not Present on the Internet
https://github.com/4ds3iqnxl,legitimate,Not Present on the Internet
https://github.com/fm2djdwghaxo,legitimate,Not Present on the Internet
https://github.com/f6d7unq58,legitimate,Not Present on the Internet
https://github.com/f5q76j,legitimate,Not Present on the Internet
https://github.com/7d3e34rm,legitimate,Not Present on the Internet
https://github.com/cthkd8,legitimate,Not Present on the Internet
https://github.com/8twiemr00x,legitimate,Not Present on the Internet
https://github.com/rt743inpzxs,legitimate,Not Present on the Internet
https://github.com/gl7tf0ilsjn,legitimate,Not Present on the Internet
https://github.com/csy9u,legitimate,Not Present on the Internet
https://github.com/66q9fxq0n0,legitimate,Not Present on the Internet
https://github.com/fc05crq,legitimate,Not Present on the Internet
https://github.com/94g520m,legitimate,Not Present on the Internet
https://github.com/htr8veh7,legitimate,Not Present on the Internet
https://github.com/you0t,legitimate,Not Present on the Internet
https://github.com/l9h89mutoo7,legitimate,Not Present on the Internet
https://github.com/homuy8m3c,legitimate,Not Present on the Internet
